Date;Price_E;Open_E;High_E;Low_E;Vol.;Change %
14.07.2023;1.938,05;2.004,77;2.025,56;1.900,22;530,86K;-3,33%
13.07.2023;2.004,77;1.871,86;2.010,75;1.863,22;588,53K;7,10%
12.07.2023;1.871,86;1.878,33;1.901,45;1.865,11;280,91K;-0,34%
11.07.2023;1.878,33;1.880,42;1.889,83;1.863,93;191,47K;-0,11%
10.07.2023;1.880,42;1.862,91;1.903,82;1.846,71;264,83K;0,94%
09.07.2023;1.862,91;1.865,28;1.878,22;1.856,97;145,47K;-0,13%
08.07.2023;1.865,28;1.870,92;1.873,16;1.843,82;136,69K;-0,30%
07.07.2023;1.870,92;1.848,29;1.877,51;1.827,35;249,82K;1,22%
06.07.2023;1.848,36;1.910,43;1.957,58;1.847,01;483,00K;-3,25%
05.07.2023;1.910,43;1.936,21;1.942,15;1.896,43;284,34K;-1,33%
04.07.2023;1.936,19;1.955,56;1.966,03;1.931,64;226,10K;-0,99%
03.07.2023;1.955,56;1.937,57;1.974,61;1.934,51;346,33K;0,93%
02.07.2023;1.937,57;1.924,53;1.958,36;1.893,68;283,61K;0,68%
01.07.2023;1.924,53;1.933,80;1.943,20;1.909,92;189,41K;-0,48%
30.06.2023;1.933,80;1.851,92;1.943,65;1.837,49;765,42K;4,42%
29.06.2023;1.851,92;1.827,95;1.878,86;1.827,95;256,22K;1,31%
28.06.2023;1.827,95;1.889,51;1.890,11;1.821,94;356,71K;-3,26%
27.06.2023;1.889,51;1.859,00;1.911,73;1.856,19;386,05K;1,64%
26.06.2023;1.859,00;1.898,80;1.906,07;1.840,63;479,76K;-2,10%
25.06.2023;1.898,80;1.875,00;1.929,61;1.869,28;356,99K;1,27%
24.06.2023;1.875,00;1.891,98;1.904,04;1.865,77;239,37K;-0,90%
23.06.2023;1.891,97;1.872,29;1.932,23;1.864,60;428,03K;1,05%
22.06.2023;1.872,32;1.889,87;1.931,60;1.866,66;438,75K;-0,93%
21.06.2023;1.889,87;1.791,64;1.899,11;1.787,59;653,63K;5,48%
20.06.2023;1.791,61;1.737,06;1.793,35;1.715,20;359,77K;3,14%
19.06.2023;1.737,06;1.720,98;1.748,05;1.706,40;263,64K;0,93%
18.06.2023;1.720,98;1.727,79;1.746,40;1.715,90;167,46K;-0,39%
17.06.2023;1.727,79;1.717,92;1.764,06;1.714,30;227,93K;0,57%
16.06.2023;1.717,92;1.666,96;1.728,35;1.653,68;333,35K;3,06%
15.06.2023;1.666,96;1.650,96;1.678,94;1.632,50;397,40K;0,97%
14.06.2023;1.650,96;1.739,60;1.749,90;1.636,49;451,13K;-5,10%
13.06.2023;1.739,60;1.742,60;1.763,15;1.727,64;303,23K;-0,17%
12.06.2023;1.742,60;1.752,80;1.757,79;1.722,92;320,47K;-0,58%
11.06.2023;1.752,80;1.751,56;1.775,87;1.740,02;232,04K;0,07%
10.06.2023;1.751,56;1.840,41;1.844,23;1.719,16;696,59K;-4,83%
09.06.2023;1.840,41;1.845,68;1.854,72;1.828,66;215,71K;-0,29%
08.06.2023;1.845,68;1.832,10;1.860,53;1.829,38;202,78K;0,74%
07.06.2023;1.832,10;1.884,63;1.893,73;1.823,42;454,83K;-2,76%
06.06.2023;1.884,17;1.811,19;1.895,79;1.800,75;518,57K;4,03%
05.06.2023;1.811,20;1.890,00;1.890,53;1.782,82;588,61K;-4,17%
04.06.2023;1.890,04;1.892,05;1.914,12;1.884,54;183,07K;-0,11%
03.06.2023;1.892,05;1.907,10;1.907,90;1.884,17;157,10K;-0,79%
02.06.2023;1.907,10;1.861,77;1.910,01;1.847,84;329,16K;2,43%
01.06.2023;1.861,77;1.873,62;1.888,07;1.846,23;286,98K;-0,63%
31.05.2023;1.873,63;1.900,59;1.906,21;1.852,00;337,87K;-1,42%
30.05.2023;1.900,59;1.892,61;1.915,91;1.882,97;288,67K;0,42%
29.05.2023;1.892,61;1.908,37;1.925,74;1.878,33;338,07K;-0,83%
28.05.2023;1.908,35;1.829,91;1.914,92;1.824,70;401,09K;4,29%
27.05.2023;1.829,91;1.827,80;1.835,94;1.817,35;147,46K;0,12%
26.05.2023;1.827,80;1.805,62;1.837,39;1.798,10;290,89K;1,22%
25.05.2023;1.805,69;1.799,91;1.817,05;1.764,92;370,60K;0,32%
24.05.2023;1.799,91;1.854,08;1.854,08;1.781,70;441,64K;-2,92%
23.05.2023;1.854,08;1.817,19;1.868,89;1.815,41;428,05K;2,03%
22.05.2023;1.817,19;1.804,89;1.827,38;1.792,35;250,27K;0,68%
21.05.2023;1.804,89;1.819,66;1.827,47;1.799,03;170,05K;-0,81%
20.05.2023;1.819,68;1.812,32;1.828,06;1.807,08;134,46K;0,41%
19.05.2023;1.812,32;1.800,95;1.829,33;1.796,99;253,50K;0,63%
18.05.2023;1.800,99;1.822,12;1.831,51;1.774,77;311,24K;-1,14%
17.05.2023;1.821,73;1.823,98;1.834,44;1.785,78;376,26K;-0,12%
16.05.2023;1.823,98;1.817,11;1.830,01;1.797,60;325,77K;0,38%
15.05.2023;1.817,11;1.799,36;1.845,27;1.786,61;405,84K;0,99%
14.05.2023;1.799,36;1.795,11;1.822,93;1.791,86;229,74K;0,25%
13.05.2023;1.794,95;1.807,31;1.814,55;1.786,23;223,65K;-0,68%
12.05.2023;1.807,31;1.794,71;1.812,46;1.741,48;598,87K;0,70%
11.05.2023;1.794,71;1.840,92;1.841,04;1.774,30;548,42K;-2,51%
10.05.2023;1.840,92;1.846,56;1.886,83;1.797,07;685,11K;-0,31%
09.05.2023;1.846,56;1.847,48;1.858,57;1.832,05;318,79K;-0,05%
08.05.2023;1.847,48;1.871,03;1.883,54;1.813,63;667,82K;-1,26%
07.05.2023;1.870,99;1.896,48;1.931,39;1.870,94;441,65K;-1,34%
06.05.2023;1.896,48;1.993,33;2.013,10;1.868,09;658,63K;-4,86%
05.05.2023;1.993,33;1.877,06;1.996,64;1.875,66;589,05K;6,19%
04.05.2023;1.877,06;1.904,76;1.915,15;1.868,18;372,69K;-1,45%
03.05.2023;1.904,74;1.869,74;1.915,00;1.844,72;489,66K;1,87%
02.05.2023;1.869,74;1.830,75;1.878,70;1.823,25;391,27K;2,13%
01.05.2023;1.830,75;1.869,05;1.885,70;1.807,30;475,92K;-2,04%
30.04.2023;1.868,88;1.907,80;1.937,86;1.868,88;377,71K;-2,04%
29.04.2023;1.907,80;1.890,93;1.915,90;1.886,27;193,47K;0,88%
28.04.2023;1.891,14;1.908,79;1.922,85;1.875,03;408,45K;-0,93%
27.04.2023;1.908,81;1.866,05;1.937,55;1.862,37;771,48K;2,29%
26.04.2023;1.866,05;1.865,95;1.963,46;1.793,76;958,23K;0,01%
25.04.2023;1.865,95;1.841,88;1.877,54;1.804,20;491,98K;1,31%
24.04.2023;1.841,88;1.862,04;1.889,09;1.809,80;480,28K;-1,08%
23.04.2023;1.862,05;1.873,96;1.881,92;1.839,05;368,77K;-0,63%
22.04.2023;1.873,95;1.848,88;1.886,22;1.845,73;351,72K;1,30%
21.04.2023;1.849,81;1.942,72;1.955,35;1.831,47;769,94K;-4,78%
20.04.2023;1.942,72;1.935,97;1.977,95;1.917,71;665,65K;0,35%
19.04.2023;1.935,97;2.103,36;2.104,31;1.925,00;855,36K;-7,96%
18.04.2023;2.103,34;2.074,74;2.121,27;2.056,86;437,10K;1,38%
17.04.2023;2.074,74;2.118,61;2.119,18;2.062,17;448,14K;-2,10%
16.04.2023;2.119,29;2.090,59;2.137,56;2.073,26;342,43K;1,37%
15.04.2023;2.090,59;2.099,98;2.110,30;2.074,33;340,60K;-0,45%
14.04.2023;2.099,98;2.012,12;2.127,56;2.009,53;957,03K;4,37%
13.04.2023;2.012,11;1.916,59;2.018,73;1.899,96;721,56K;4,98%
12.04.2023;1.916,58;1.889,86;1.930,46;1.857,35;669,43K;1,41%
11.04.2023;1.889,86;1.910,35;1.935,75;1.884,64;428,26K;-1,07%
10.04.2023;1.910,36;1.858,90;1.916,53;1.847,39;457,41K;2,77%
09.04.2023;1.858,90;1.848,93;1.871,87;1.825,60;306,40K;0,54%
08.04.2023;1.848,93;1.863,45;1.879,11;1.847,72;207,67K;-0,78%
07.04.2023;1.863,46;1.872,35;1.882,56;1.844,43;298,77K;-0,47%
06.04.2023;1.872,35;1.908,95;1.908,95;1.855,89;420,80K;-1,92%
05.04.2023;1.908,96;1.870,52;1.936,10;1.864,64;583,84K;2,05%
04.04.2023;1.870,52;1.810,77;1.887,33;1.802,51;658,37K;3,30%
03.04.2023;1.810,77;1.795,01;1.838,71;1.764,26;657,58K;0,88%
02.04.2023;1.795,01;1.820,78;1.824,32;1.775,81;334,84K;-1,42%
01.04.2023;1.820,78;1.821,62;1.840,27;1.811,67;283,39K;-0,05%
31.03.2023;1.821,62;1.793,59;1.845,54;1.782,26;579,01K;1,56%
30.03.2023;1.793,59;1.793,16;1.828,91;1.766,90;607,74K;0,02%
29.03.2023;1.793,27;1.772,64;1.825,01;1.772,64;564,93K;1,16%
28.03.2023;1.772,63;1.714,65;1.792,38;1.702,95;561,33K;3,38%
27.03.2023;1.714,65;1.773,91;1.780,06;1.691,38;607,00K;-3,35%
26.03.2023;1.774,06;1.742,32;1.796,77;1.739,39;371,97K;1,82%
25.03.2023;1.742,34;1.749,28;1.761,66;1.714,43;368,84K;-0,40%
24.03.2023;1.749,26;1.813,62;1.818,53;1.728,69;602,30K;-3,57%
23.03.2023;1.814,08;1.734,32;1.852,48;1.729,38;767,73K;4,59%
22.03.2023;1.734,48;1.801,58;1.818,47;1.711,05;933,24K;-3,83%
21.03.2023;1.803,54;1.732,32;1.833,12;1.719,55;779,81K;4,11%
20.03.2023;1.732,31;1.780,12;1.802,76;1.723,90;716,26K;-2,65%
19.03.2023;1.779,47;1.758,70;1.838,84;1.758,66;574,73K;1,18%
18.03.2023;1.758,70;1.789,38;1.833,82;1.751,14;763,06K;-1,71%
17.03.2023;1.789,38;1.673,76;1.796,74;1.663,67;975,13K;6,90%
16.03.2023;1.673,85;1.649,66;1.689,09;1.634,21;660,14K;1,47%
15.03.2023;1.649,65;1.700,14;1.716,56;1.614,93;1,02M;-2,97%
14.03.2023;1.700,15;1.673,83;1.776,65;1.655,74;1,36M;1,57%
13.03.2023;1.673,93;1.580,28;1.690,18;1.565,83;1,30M;5,93%
12.03.2023;1.580,24;1.472,08;1.585,09;1.452,33;1,06M;7,42%
11.03.2023;1.471,15;1.426,74;1.475,92;1.408,58;1,43M;3,11%
10.03.2023;1.426,75;1.437,49;1.437,49;1.371,47;1,01M;-0,82%
09.03.2023;1.438,50;1.533,04;1.545,98;1.413,17;764,77K;-6,17%
08.03.2023;1.533,04;1.561,79;1.569,70;1.531,28;478,44K;-1,84%
07.03.2023;1.561,78;1.565,84;1.580,95;1.536,31;460,10K;-0,26%
06.03.2023;1.565,84;1.564,36;1.581,13;1.555,43;322,16K;0,09%
05.03.2023;1.564,37;1.566,73;1.587,95;1.556,84;313,01K;-0,15%
04.03.2023;1.566,73;1.569,45;1.577,02;1.550,10;247,02K;-0,14%
03.03.2023;1.568,89;1.647,86;1.649,19;1.547,61;783,74K;-4,76%
02.03.2023;1.647,38;1.666,09;1.677,45;1.620,20;440,63K;-1,12%
01.03.2023;1.666,09;1.604,69;1.668,55;1.595,40;497,12K;3,83%
28.02.2023;1.604,69;1.633,66;1.646,33;1.598,67;411,49K;-1,77%
27.02.2023;1.633,66;1.641,59;1.664,98;1.609,82;458,53K;-0,48%
26.02.2023;1.641,60;1.594,66;1.648,77;1.588,65;326,58K;2,94%
25.02.2023;1.594,66;1.608,24;1.608,62;1.562,10;309,29K;-0,84%
24.02.2023;1.608,24;1.650,52;1.663,82;1.579,68;548,07K;-2,56%
23.02.2023;1.650,52;1.643,39;1.678,20;1.630,94;529,75K;0,43%
22.02.2023;1.643,39;1.659,41;1.666,39;1.600,79;560,40K;-0,97%
21.02.2023;1.659,41;1.703,29;1.716,35;1.637,16;554,52K;-2,58%
20.02.2023;1.703,27;1.681,49;1.719,10;1.651,54;478,59K;1,29%
19.02.2023;1.681,52;1.691,62;1.722,28;1.670,97;427,00K;-0,60%
18.02.2023;1.691,62;1.693,96;1.708,87;1.681,17;283,51K;-0,14%
17.02.2023;1.693,96;1.640,66;1.720,06;1.631,92;617,21K;3,25%
16.02.2023;1.640,66;1.675,43;1.738,87;1.634,97;894,27K;-2,08%
15.02.2023;1.675,43;1.555,45;1.676,94;1.542,80;627,07K;7,71%
14.02.2023;1.555,46;1.505,85;1.565,20;1.494,30;705,28K;3,29%
13.02.2023;1.505,84;1.515,44;1.525,56;1.464,10;681,85K;-0,63%
12.02.2023;1.515,44;1.538,34;1.547,30;1.495,05;302,73K;-1,49%
11.02.2023;1.538,34;1.513,12;1.542,64;1.508,07;306,24K;1,62%
10.02.2023;1.513,82;1.545,35;1.554,19;1.499,49;523,33K;-2,04%
09.02.2023;1.545,35;1.650,97;1.655,96;1.530,98;702,21K;-6,40%
08.02.2023;1.650,99;1.671,39;1.694,28;1.631,15;447,57K;-1,22%
07.02.2023;1.671,40;1.613,72;1.676,83;1.613,20;481,91K;3,57%
06.02.2023;1.613,72;1.629,44;1.657,75;1.606,59;401,03K;-0,96%
05.02.2023;1.629,44;1.666,90;1.671,88;1.612,70;435,14K;-2,25%
04.02.2023;1.666,90;1.663,78;1.694,58;1.646,11;328,66K;0,19%
03.02.2023;1.663,79;1.641,70;1.673,59;1.628,73;489,79K;1,34%
02.02.2023;1.641,71;1.642,10;1.710,27;1.632,39;685,27K;-0,02%
01.02.2023;1.642,10;1.585,27;1.647,27;1.560,18;505,44K;3,59%
31.01.2023;1.585,27;1.566,50;1.602,03;1.562,04;368,94K;1,20%
30.01.2023;1.566,50;1.645,97;1.647,25;1.540,25;630,55K;-4,83%
29.01.2023;1.645,97;1.572,13;1.657,19;1.566,90;595,67K;4,63%
28.01.2023;1.573,07;1.597,61;1.605,96;1.561,24;332,62K;-1,54%
27.01.2023;1.597,60;1.602,54;1.620,15;1.560,21;533,75K;-0,31%
26.01.2023;1.602,55;1.611,20;1.629,89;1.581,76;552,26K;-0,54%
25.01.2023;1.611,20;1.555,97;1.638,97;1.523,71;681,59K;3,54%
24.01.2023;1.556,15;1.626,52;1.641,17;1.539,51;493,47K;-4,33%
23.01.2023;1.626,53;1.627,04;1.643,82;1.591,90;436,57K;-0,03%
22.01.2023;1.627,03;1.626,66;1.662,13;1.609,32;456,36K;0,09%
21.01.2023;1.625,53;1.659,96;1.678,27;1.622,89;523,34K;-2,08%
20.01.2023;1.659,98;1.551,12;1.662,26;1.543,21;472,15K;6,98%
19.01.2023;1.551,62;1.511,35;1.560,70;1.510,65;329,04K;2,67%
18.01.2023;1.511,31;1.564,66;1.604,74;1.505,37;801,71K;-3,41%
17.01.2023;1.564,67;1.576,94;1.603,32;1.544,45;536,73K;-0,78%
16.01.2023;1.576,94;1.552,69;1.598,18;1.526,40;617,00K;1,56%
15.01.2023;1.552,69;1.550,05;1.564,34;1.517,40;411,43K;0,17%
14.01.2023;1.550,02;1.450,86;1.576,83;1.449,47;1,03M;6,83%
13.01.2023;1.450,86;1.416,08;1.463,53;1.401,98;552,05K;2,46%
12.01.2023;1.416,08;1.389,84;1.435,95;1.365,78;960,62K;1,89%
11.01.2023;1.389,84;1.335,14;1.392,40;1.322,10;509,99K;4,10%
10.01.2023;1.335,13;1.320,51;1.344,42;1.316,95;487,24K;1,11%
09.01.2023;1.320,51;1.288,39;1.344,39;1.285,97;629,22K;2,49%
08.01.2023;1.288,38;1.263,91;1.289,13;1.259,15;231,75K;1,94%
07.01.2023;1.263,90;1.269,14;1.270,95;1.261,46;141,94K;-0,41%
06.01.2023;1.269,14;1.250,95;1.274,85;1.240,38;369,54K;1,45%
05.01.2023;1.250,95;1.256,92;1.259,08;1.242,93;289,49K;-0,47%
04.01.2023;1.256,92;1.214,57;1.266,97;1.212,91;504,28K;3,49%
03.01.2023;1.214,57;1.213,93;1.219,75;1.206,83;219,98K;0,05%
02.01.2023;1.213,93;1.200,52;1.220,76;1.193,77;270,72K;1,12%
01.01.2023;1.200,52;1.195,69;1.204,12;1.191,67;126,62K;0,41%
31.12.2022;1.195,67;1.200,00;1.207,71;1.193,16;150,20K;-0,34%
30.12.2022;1.199,80;1.200,84;1.202,13;1.186,10;285,77K;-0,09%
29.12.2022;1.200,84;1.189,99;1.205,34;1.187,19;272,59K;0,91%
28.12.2022;1.189,98;1.211,60;1.214,32;1.184,22;407,45K;-1,78%
27.12.2022;1.211,60;1.228,22;1.233,15;1.202,02;290,02K;-1,31%
26.12.2022;1.227,65;1.218,69;1.230,37;1.213,08;177,66K;0,73%
25.12.2022;1.218,69;1.220,46;1.223,82;1.201,20;256,52K;-0,15%
24.12.2022;1.220,46;1.220,03;1.226,20;1.214,76;131,51K;0,04%
23.12.2022;1.220,03;1.217,59;1.228,46;1.212,97;301,17K;0,20%
22.12.2022;1.217,57;1.213,99;1.229,47;1.185,27;383,63K;0,31%
21.12.2022;1.213,85;1.217,19;1.218,69;1.205,48;269,18K;-0,28%
20.12.2022;1.217,20;1.167,80;1.228,97;1.163,57;497,61K;4,23%
19.12.2022;1.167,80;1.182,70;1.194,47;1.152,54;337,02K;-1,26%
18.12.2022;1.182,70;1.187,19;1.196,55;1.172,82;272,63K;-0,38%
17.12.2022;1.187,18;1.166,70;1.189,21;1.162,76;363,23K;1,75%
16.12.2022;1.166,70;1.266,32;1.279,27;1.156,91;829,23K;-7,87%
15.12.2022;1.266,32;1.307,29;1.311,07;1.260,89;446,34K;-3,13%
14.12.2022;1.307,30;1.320,76;1.348,43;1.302,76;614,31K;-1,02%
13.12.2022;1.320,76;1.275,49;1.345,07;1.255,82;717,71K;3,59%
12.12.2022;1.275,02;1.263,42;1.278,37;1.241,45;395,62K;0,92%
11.12.2022;1.263,42;1.266,36;1.282,86;1.258,53;192,46K;-0,25%
10.12.2022;1.266,62;1.262,88;1.281,24;1.260,05;193,32K;0,30%
09.12.2022;1.262,86;1.280,29;1.291,11;1.257,00;437,55K;-1,36%
08.12.2022;1.280,29;1.231,04;1.289,87;1.223,27;447,07K;4,00%
07.12.2022;1.231,04;1.271,24;1.275,30;1.221,10;422,12K;-3,16%
06.12.2022;1.271,26;1.259,56;1.273,92;1.243,66;342,16K;0,93%
05.12.2022;1.259,56;1.279,21;1.303,92;1.248,69;430,54K;-1,58%
04.12.2022;1.279,74;1.240,46;1.284,24;1.240,14;344,96K;3,17%
03.12.2022;1.240,46;1.295,69;1.302,61;1.237,81;373,79K;-4,26%
02.12.2022;1.295,69;1.276,05;1.295,80;1.266,16;393,37K;1,54%
01.12.2022;1.276,05;1.294,40;1.295,82;1.263,58;453,59K;-1,42%
30.11.2022;1.294,41;1.216,54;1.304,97;1.213,44;858,51K;6,40%
29.11.2022;1.216,55;1.167,73;1.226,35;1.159,72;549,93K;4,18%
28.11.2022;1.167,73;1.193,38;1.199,06;1.151,98;518,17K;-2,15%
27.11.2022;1.193,38;1.205,17;1.222,83;1.191,09;306,64K;-0,98%
26.11.2022;1.205,15;1.198,12;1.229,20;1.196,93;413,09K;0,59%
25.11.2022;1.198,12;1.203,77;1.204,75;1.172,63;426,96K;-0,47%
24.11.2022;1.203,77;1.185,70;1.217,38;1.180,91;544,83K;1,52%
23.11.2022;1.185,79;1.139,74;1.189,17;1.128,53;688,96K;4,04%
22.11.2022;1.139,74;1.107,46;1.141,58;1.077,85;815,18K;2,91%
21.11.2022;1.107,46;1.142,88;1.143,96;1.081,96;981,81K;-3,10%
20.11.2022;1.142,88;1.217,65;1.226,14;1.135,57;564,89K;-6,14%
19.11.2022;1.217,65;1.208,92;1.231,15;1.207,34;225,46K;0,86%
18.11.2022;1.207,31;1.206,99;1.225,39;1.201,47;388,69K;0,18%
17.11.2022;1.205,17;1.206,16;1.227,73;1.185,58;567,61K;-0,08%
16.11.2022;1.206,16;1.253,45;1.267,62;1.188,76;705,31K;-3,77%
15.11.2022;1.253,45;1.242,64;1.289,21;1.235,39;686,18K;0,87%
14.11.2022;1.242,64;1.221,47;1.289,01;1.175,42;1,01M;1,73%
13.11.2022;1.221,47;1.256,29;1.274,24;1.205,61;597,25K;-2,77%
12.11.2022;1.256,29;1.288,71;1.291,39;1.239,34;602,58K;-2,51%
11.11.2022;1.288,63;1.299,21;1.307,16;1.203,04;1,45M;-0,81%
10.11.2022;1.299,15;1.100,86;1.346,92;1.089,01;2,19M;18,01%
09.11.2022;1.100,84;1.335,26;1.337,19;1.076,29;2,92M;-17,56%
08.11.2022;1.335,25;1.567,54;1.576,10;1.241,18;2,87M;-14,82%
07.11.2022;1.567,57;1.570,71;1.608,06;1.547,29;719,30K;-0,21%
06.11.2022;1.570,86;1.626,86;1.637,44;1.565,79;464,26K;-3,45%
05.11.2022;1.627,07;1.645,03;1.664,42;1.623,48;404,02K;-1,09%
04.11.2022;1.645,01;1.531,06;1.666,17;1.528,60;1,07M;7,44%
03.11.2022;1.531,08;1.518,99;1.558,75;1.515,75;631,90K;0,79%
02.11.2022;1.519,04;1.579,59;1.618,82;1.503,29;1,14M;-3,84%
01.11.2022;1.579,64;1.572,89;1.609,10;1.564,69;593,31K;0,43%
31.10.2022;1.572,89;1.590,47;1.634,17;1.550,72;938,65K;-1,11%
30.10.2022;1.590,47;1.619,67;1.638,60;1.577,35;542,49K;-1,80%
29.10.2022;1.619,69;1.554,47;1.660,13;1.548,83;1,05M;4,20%
28.10.2022;1.554,47;1.514,14;1.572,66;1.489,99;966,35K;2,66%
27.10.2022;1.514,19;1.566,18;1.575,90;1.508,24;1,02M;-3,32%
26.10.2022;1.566,16;1.459,60;1.590,23;1.458,61;1,43M;7,30%
25.10.2022;1.459,60;1.343,88;1.522,06;1.335,38;1,28M;8,61%
24.10.2022;1.343,88;1.364,19;1.369,35;1.324,25;665,58K;-1,47%
23.10.2022;1.363,92;1.313,64;1.370,91;1.301,80;473,61K;3,83%
22.10.2022;1.313,64;1.299,76;1.318,84;1.294,61;244,20K;1,07%
21.10.2022;1.299,76;1.282,87;1.306,27;1.257,83;525,54K;1,32%
20.10.2022;1.282,87;1.285,33;1.310,47;1.272,79;483,19K;-0,19%
19.10.2022;1.285,32;1.310,81;1.313,46;1.282,44;406,74K;-1,94%
18.10.2022;1.310,81;1.331,40;1.341,21;1.287,58;625,85K;-1,53%
17.10.2022;1.331,12;1.305,95;1.338,39;1.296,45;498,15K;1,93%
16.10.2022;1.305,95;1.274,93;1.314,52;1.274,66;333,15K;2,46%
15.10.2022;1.274,57;1.296,74;1.301,48;1.264,86;321,11K;-1,71%
14.10.2022;1.296,74;1.287,33;1.342,01;1.284,08;734,03K;0,73%
13.10.2022;1.287,34;1.294,56;1.299,74;1.196,63;1,09M;-0,56%
12.10.2022;1.294,57;1.279,97;1.304,45;1.275,77;418,57K;1,14%
11.10.2022;1.279,97;1.290,00;1.297,59;1.269,35;498,63K;-0,78%
10.10.2022;1.290,04;1.323,17;1.337,58;1.288,68;451,44K;-2,52%
09.10.2022;1.323,41;1.315,08;1.328,55;1.308,15;210,50K;0,64%
08.10.2022;1.315,05;1.331,07;1.336,69;1.304,08;227,70K;-1,20%
07.10.2022;1.330,99;1.352,17;1.361,26;1.319,17;574,76K;-1,57%
06.10.2022;1.352,27;1.352,07;1.383,02;1.347,78;680,65K;0,01%
05.10.2022;1.352,07;1.361,51;1.364,03;1.317,58;564,42K;-0,69%
04.10.2022;1.361,48;1.323,37;1.367,30;1.318,87;550,05K;2,88%
03.10.2022;1.323,41;1.277,02;1.329,16;1.266,86;604,19K;3,74%
02.10.2022;1.275,74;1.311,80;1.317,41;1.272,38;432,45K;-2,75%
01.10.2022;1.311,80;1.328,73;1.333,61;1.303,22;293,02K;-1,27%
30.09.2022;1.328,73;1.336,05;1.372,44;1.316,62;866,63K;-0,55%
29.09.2022;1.336,08;1.337,34;1.351,61;1.289,66;871,66K;-0,10%
28.09.2022;1.337,37;1.328,23;1.354,75;1.261,29;1,08M;0,69%
27.09.2022;1.328,23;1.337,07;1.399,67;1.305,49;1,00M;-0,66%
26.09.2022;1.337,06;1.294,24;1.339,17;1.279,71;1,05M;3,31%
25.09.2022;1.294,26;1.317,01;1.335,73;1.271,87;579,09K;-1,73%
24.09.2022;1.317,00;1.327,91;1.348,91;1.307,96;559,42K;-0,83%
23.09.2022;1.327,96;1.326,12;1.356,74;1.264,91;1,16M;0,11%
22.09.2022;1.326,44;1.247,64;1.346,38;1.237,96;1,11M;6,31%
21.09.2022;1.247,74;1.323,34;1.388,38;1.222,29;1,39M;-5,71%
20.09.2022;1.323,33;1.375,96;1.384,39;1.315,03;765,14K;-3,83%
19.09.2022;1.376,00;1.334,82;1.391,50;1.284,50;1,11M;3,07%
18.09.2022;1.335,01;1.468,76;1.469,21;1.327,21;934,28K;-9,11%
17.09.2022;1.468,79;1.434,01;1.475,05;1.409,65;483,78K;2,43%
16.09.2022;1.434,01;1.472,63;1.483,43;1.410,90;829,01K;-2,62%
15.09.2022;1.472,64;1.637,89;1.653,55;1.461,16;1,66M;-10,09%
14.09.2022;1.637,92;1.574,41;1.646,09;1.556,97;858,28K;4,03%
13.09.2022;1.574,47;1.716,45;1.751,50;1.562,30;1,30M;-8,27%
12.09.2022;1.716,42;1.766,99;1.782,74;1.694,08;727,78K;-2,86%
11.09.2022;1.766,93;1.774,38;1.786,73;1.722,62;467,42K;-0,42%
10.09.2022;1.774,38;1.718,84;1.788,10;1.707,81;470,19K;3,23%
09.09.2022;1.718,81;1.635,33;1.743,47;1.631,17;969,87K;5,14%
08.09.2022;1.634,85;1.629,63;1.660,56;1.595,90;772,84K;0,33%
07.09.2022;1.629,51;1.557,85;1.657,05;1.493,19;976,59K;4,60%
06.09.2022;1.557,85;1.617,40;1.686,23;1.556,09;1,18M;-3,66%
05.09.2022;1.617,07;1.578,90;1.628,77;1.557,66;571,75K;2,42%
04.09.2022;1.578,89;1.557,35;1.580,81;1.541,16;339,06K;1,37%
03.09.2022;1.557,55;1.575,31;1.581,37;1.535,98;378,79K;-1,13%
02.09.2022;1.575,34;1.585,55;1.647,50;1.547,68;1,04M;-0,64%
01.09.2022;1.585,48;1.554,57;1.597,48;1.514,75;823,90K;1,95%
31.08.2022;1.555,12;1.523,39;1.617,09;1.523,39;1,07M;2,09%
30.08.2022;1.523,34;1.552,56;1.605,30;1.475,68;1,14M;-1,88%
29.08.2022;1.552,60;1.426,25;1.559,46;1.424,33;931,76K;8,86%
28.08.2022;1.426,25;1.490,88;1.507,92;1.424,69;633,35K;-4,33%
27.08.2022;1.490,83;1.508,32;1.518,14;1.449,31;866,82K;-1,14%
26.08.2022;1.508,08;1.695,38;1.703,32;1.490,67;1,34M;-11,05%
25.08.2022;1.695,37;1.656,64;1.720,84;1.654,77;677,67K;2,34%
24.08.2022;1.656,64;1.665,30;1.691,25;1.606,06;827,20K;-0,50%
23.08.2022;1.664,89;1.626,70;1.672,63;1.564,37;1,05M;2,34%
22.08.2022;1.626,75;1.618,21;1.627,13;1.531,91;1,04M;0,53%
21.08.2022;1.618,25;1.575,61;1.644,88;1.563,92;852,07K;2,71%
20.08.2022;1.575,60;1.609,01;1.654,84;1.525,51;1,01M;-2,11%
19.08.2022;1.609,48;1.846,52;1.846,97;1.607,60;1,59M;-12,84%
18.08.2022;1.846,51;1.834,19;1.880,22;1.822,04;675,27K;0,67%
17.08.2022;1.834,18;1.876,69;1.956,54;1.821,00;1,10M;-2,27%
16.08.2022;1.876,70;1.900,08;1.914,06;1.856,44;725,78K;-1,24%
15.08.2022;1.900,25;1.935,10;2.012,02;1.873,70;1,09M;-1,80%
14.08.2022;1.935,10;1.983,52;2.028,40;1.909,19;662,15K;-2,44%
13.08.2022;1.983,50;1.957,62;2.018,97;1.946,65;798,08K;1,32%
12.08.2022;1.957,63;1.880,30;1.961,83;1.856,64;834,69K;4,11%
11.08.2022;1.880,28;1.853,50;1.931,06;1.850,72;1,31M;1,45%
10.08.2022;1.853,46;1.702,80;1.881,39;1.657,78;1,52M;8,85%
09.08.2022;1.702,80;1.778,15;1.789,55;1.668,79;960,58K;-4,25%
08.08.2022;1.778,42;1.700,26;1.813,45;1.694,69;951,02K;4,59%
07.08.2022;1.700,29;1.690,29;1.728,97;1.669,39;530,48K;0,59%
06.08.2022;1.690,27;1.737,66;1.749,33;1.687,74;696,11K;-2,73%
05.08.2022;1.737,71;1.607,00;1.740,33;1.605,71;1,21M;8,14%
04.08.2022;1.606,94;1.618,07;1.661,15;1.581,18;881,56K;-0,69%
03.08.2022;1.618,08;1.631,46;1.682,23;1.591,60;906,08K;-0,82%
02.08.2022;1.631,48;1.630,07;1.675,51;1.560,17;1,25M;0,08%
01.08.2022;1.630,10;1.679,98;1.702,81;1.607,29;959,53K;-2,97%
31.07.2022;1.680,00;1.695,99;1.752,94;1.667,41;822,23K;-0,94%
30.07.2022;1.695,97;1.720,80;1.741,34;1.674,42;891,42K;-1,44%
29.07.2022;1.720,77;1.725,97;1.764,74;1.658,26;1,44M;-0,30%
28.07.2022;1.726,01;1.635,99;1.781,39;1.597,67;1,87M;5,50%
27.07.2022;1.636,01;1.449,65;1.643,70;1.421,17;1,80M;12,77%
26.07.2022;1.450,70;1.438,76;1.451,46;1.357,70;1,42M;0,85%
25.07.2022;1.438,52;1.598,19;1.608,06;1.438,50;1,65M;-9,99%
24.07.2022;1.598,19;1.549,61;1.659,93;1.547,70;1,18M;3,14%
23.07.2022;1.549,61;1.534,85;1.596,02;1.490,35;1,03M;0,96%
22.07.2022;1.534,85;1.575,68;1.644,99;1.520,36;1,43M;-2,59%
21.07.2022;1.575,68;1.520,66;1.600,35;1.465,93;1,55M;3,62%
20.07.2022;1.520,64;1.543,45;1.618,43;1.488,73;1,65M;-1,48%
19.07.2022;1.543,50;1.584,33;1.620,35;1.494,88;2,18M;-2,60%
18.07.2022;1.584,77;1.337,92;1.590,95;1.336,75;2,37M;18,46%
17.07.2022;1.337,85;1.356,00;1.385,23;1.323,23;1,41M;-1,34%
16.07.2022;1.356,08;1.231,03;1.399,16;1.192,18;1,77M;10,16%
15.07.2022;1.231,03;1.192,83;1.284,76;1.182,22;1,74M;3,21%
14.07.2022;1.192,75;1.115,80;1.210,17;1.072,58;1,86M;6,89%
13.07.2022;1.115,83;1.038,60;1.116,51;1.012,29;2,48M;7,44%
12.07.2022;1.038,56;1.096,41;1.097,75;1.035,82;1,49M;-5,28%
11.07.2022;1.096,43;1.167,35;1.170,63;1.093,28;1,34M;-6,08%
10.07.2022;1.167,35;1.216,94;1.219,26;1.155,25;1,12M;-4,07%
09.07.2022;1.216,94;1.216,26;1.232,69;1.205,26;644,47K;0,05%
08.07.2022;1.216,33;1.238,10;1.275,69;1.194,15;1,45M;-1,76%
07.07.2022;1.238,15;1.186,48;1.252,69;1.163,85;1,18M;4,36%
06.07.2022;1.186,45;1.133,87;1.202,09;1.112,02;1,42M;4,63%
05.07.2022;1.133,90;1.151,19;1.170,97;1.079,36;1,59M;-1,50%
04.07.2022;1.151,19;1.074,07;1.159,76;1.045,97;1,35M;7,18%
03.07.2022;1.074,08;1.066,60;1.086,90;1.041,82;755,27K;0,70%
02.07.2022;1.066,60;1.059,05;1.077,66;1.029,03;865,06K;0,72%
01.07.2022;1.058,94;1.069,13;1.110,25;1.035,79;1,89M;-0,95%
30.06.2022;1.069,05;1.099,51;1.105,88;1.000,77;1,71M;-2,77%
29.06.2022;1.099,51;1.143,95;1.155,02;1.088,10;1,54M;-3,89%
28.06.2022;1.143,97;1.191,02;1.234,96;1.137,57;1,32M;-3,94%
27.06.2022;1.190,84;1.198,03;1.237,14;1.176,77;1,07M;-0,60%
26.06.2022;1.198,03;1.241,80;1.276,81;1.196,20;1,13M;-3,52%
25.06.2022;1.241,76;1.224,96;1.255,55;1.181,11;1,03M;1,37%
24.06.2022;1.225,03;1.144,33;1.244,82;1.132,87;1,66M;7,07%
23.06.2022;1.144,19;1.049,02;1.152,97;1.046,57;1,57M;9,07%
22.06.2022;1.049,02;1.125,96;1.127,06;1.045,37;1,58M;-6,83%
21.06.2022;1.125,96;1.128,29;1.192,27;1.110,63;1,60M;-0,21%
20.06.2022;1.128,32;1.128,39;1.165,62;1.056,58;2,04M;-0,01%
19.06.2022;1.128,39;995,49;1.152,07;938,24;2,42M;13,34%
18.06.2022;995,61;1.086,47;1.096,93;883,35;2,77M;-8,36%
17.06.2022;1.086,47;1.068,49;1.116,46;1.052,17;1,45M;1,68%
16.06.2022;1.068,49;1.237,92;1.254,28;1.052,65;1,76M;-13,69%
15.06.2022;1.237,92;1.208,82;1.244,80;1.016,99;3,73M;2,24%
14.06.2022;1.210,84;1.206,67;1.261,39;1.078,11;3,27M;0,35%
13.06.2022;1.206,67;1.434,43;1.454,07;1.168,68;4,39M;-15,94%
12.06.2022;1.435,46;1.531,50;1.542,01;1.430,93;1,82M;-6,27%
11.06.2022;1.531,42;1.663,04;1.681,58;1.503,15;1,44M;-7,91%
10.06.2022;1.663,02;1.788,15;1.803,54;1.657,30;1,13M;-6,99%
09.06.2022;1.788,06;1.792,81;1.832,70;1.778,00;625,76K;-0,28%
08.06.2022;1.793,00;1.813,05;1.837,41;1.766,94;1,09M;-1,14%
07.06.2022;1.813,72;1.859,99;1.870,99;1.727,77;1,64M;-2,49%
06.06.2022;1.859,99;1.806,11;1.919,40;1.804,77;939,37K;2,95%
05.06.2022;1.806,71;1.804,60;1.829,25;1.773,65;437,73K;0,13%
04.06.2022;1.804,37;1.775,28;1.815,19;1.748,89;442,10K;1,64%
03.06.2022;1.775,29;1.834,66;1.843,31;1.740,83;884,53K;-3,24%
02.06.2022;1.834,64;1.817,98;1.851,25;1.784,23;975,53K;0,91%
01.06.2022;1.818,07;1.941,81;1.971,22;1.770,85;1,29M;-6,37%
31.05.2022;1.941,79;1.998,46;2.015,02;1.928,93;933,24K;-2,84%
30.05.2022;1.998,46;1.813,56;2.009,95;1.804,33;1,04M;10,20%
29.05.2022;1.813,56;1.792,25;1.824,81;1.764,72;554,58K;1,16%
28.05.2022;1.792,68;1.724,67;1.807,79;1.722,88;658,23K;3,97%
27.05.2022;1.724,30;1.793,19;1.820,82;1.708,62;1,57M;-3,85%
26.05.2022;1.793,42;1.942,89;1.964,91;1.744,12;1,42M;-7,69%
25.05.2022;1.942,91;1.979,40;2.020,64;1.937,52;639,93K;-1,84%
24.05.2022;1.979,35;1.973,01;1.992,60;1.914,48;620,41K;0,33%
23.05.2022;1.972,93;2.043,19;2.086,21;1.959,57;738,09K;-3,44%
22.05.2022;2.043,19;1.975,12;2.055,15;1.966,34;425,98K;3,45%
21.05.2022;1.975,12;1.959,79;1.989,44;1.940,59;292,47K;0,78%
20.05.2022;1.959,85;2.019,36;2.061,08;1.923,86;699,69K;-2,95%
19.05.2022;2.019,34;1.913,99;2.039,71;1.903,67;858,97K;5,61%
18.05.2022;1.912,12;2.091,05;2.108,84;1.909,56;751,82K;-8,56%
17.05.2022;2.091,14;2.023,00;2.120,03;2.008,84;736,63K;3,37%
16.05.2022;2.022,93;2.145,86;2.145,86;1.979,93;950,85K;-5,73%
15.05.2022;2.145,86;2.056,33;2.161,78;2.001,74;589,77K;4,36%
14.05.2022;2.056,30;2.009,55;2.068,66;1.952,07;656,94K;2,33%
13.05.2022;2.009,53;1.955,59;2.146,22;1.941,53;1,34M;2,77%
12.05.2022;1.955,36;2.087,17;2.190,51;1.796,24;2,84M;-6,03%
11.05.2022;2.080,79;2.342,27;2.451,33;2.007,57;2,70M;-11,16%
10.05.2022;2.342,30;2.229,69;2.455,19;2.202,02;1,95M;5,08%
09.05.2022;2.229,10;2.519,98;2.529,35;2.228,90;1,93M;-11,54%
08.05.2022;2.519,98;2.636,03;2.641,84;2.492,59;925,40K;-4,40%
07.05.2022;2.636,03;2.692,92;2.703,11;2.589,29;458,05K;-2,11%
06.05.2022;2.692,88;2.747,60;2.757,14;2.635,85;881,18K;-1,99%
05.05.2022;2.747,46;2.940,70;2.952,84;2.730,95;899,82K;-6,57%
04.05.2022;2.940,70;2.781,47;2.963,54;2.773,90;662,07K;5,72%
03.05.2022;2.781,47;2.856,01;2.861,42;2.757,36;447,80K;-2,61%
02.05.2022;2.856,01;2.825,65;2.879,99;2.780,08;617,74K;1,07%
01.05.2022;2.825,80;2.727,20;2.847,02;2.720,57;512,01K;3,62%
30.04.2022;2.727,18;2.817,14;2.841,16;2.716,31;430,98K;-3,18%
29.04.2022;2.816,66;2.937,01;2.946,18;2.778,33;629,56K;-4,10%
28.04.2022;2.937,01;2.889,01;2.977,78;2.856,42;726,03K;1,66%
27.04.2022;2.888,99;2.810,42;2.916,39;2.795,58;602,24K;2,80%
26.04.2022;2.810,42;3.006,04;3.032,70;2.768,38;694,46K;-6,51%
25.04.2022;3.006,04;2.922,03;3.023,23;2.800,21;807,69K;2,88%
24.04.2022;2.922,03;2.931,90;2.966,94;2.915,66;269,29K;-0,34%
23.04.2022;2.931,90;2.963,00;2.977,45;2.917,84;227,07K;-1,05%
22.04.2022;2.963,00;2.983,91;3.029,14;2.937,47;544,89K;-0,70%
21.04.2022;2.983,95;3.076,06;3.176,69;2.950,97;675,44K;-3,00%
20.04.2022;3.076,38;3.101,79;3.161,90;3.037,67;512,72K;-0,83%
19.04.2022;3.102,01;3.055,86;3.128,86;3.030,32;427,14K;1,52%
18.04.2022;3.055,64;2.989,05;3.069,07;2.887,25;681,76K;2,23%
17.04.2022;2.989,05;3.058,96;3.081,14;2.983,17;311,54K;-2,29%
16.04.2022;3.058,96;3.042,01;3.084,84;3.011,47;245,47K;0,56%
15.04.2022;3.042,01;3.021,93;3.056,84;2.996,62;309,95K;0,66%
14.04.2022;3.021,93;3.117,21;3.143,18;2.980,84;546,54K;-3,05%
13.04.2022;3.116,92;3.027,64;3.128,20;2.999,66;563,89K;2,96%
12.04.2022;3.027,25;2.978,45;3.082,02;2.951,80;790,54K;1,64%
11.04.2022;2.978,29;3.201,99;3.213,52;2.953,66;876,67K;-6,98%
10.04.2022;3.201,84;3.259,59;3.306,14;3.198,10;327,86K;-1,76%
09.04.2022;3.259,35;3.193,54;3.268,18;3.182,10;283,24K;2,05%
08.04.2022;3.193,93;3.228,83;3.311,42;3.174,14;654,82K;-1,08%
07.04.2022;3.228,84;3.169,58;3.268,56;3.143,96;569,39K;1,87%
06.04.2022;3.169,58;3.406,83;3.406,87;3.164,24;950,59K;-6,96%
05.04.2022;3.406,78;3.520,35;3.554,54;3.400,74;500,27K;-3,23%
04.04.2022;3.520,41;3.521,16;3.544,92;3.412,01;547,68K;-0,02%
03.04.2022;3.521,10;3.442,34;3.579,82;3.414,40;473,54K;2,29%
02.04.2022;3.442,34;3.456,18;3.529,63;3.436,79;629,29K;-0,40%
01.04.2022;3.456,18;3.282,33;3.478,74;3.215,33;649,92K;5,30%
31.03.2022;3.282,35;3.385,60;3.444,43;3.263,36;545,44K;-3,05%
30.03.2022;3.385,64;3.401,86;3.445,98;3.333,50;425,38K;-0,48%
29.03.2022;3.401,89;3.329,67;3.481,23;3.329,67;570,03K;2,18%
28.03.2022;3.329,38;3.295,73;3.428,41;3.275,32;628,91K;0,98%
27.03.2022;3.297,04;3.145,95;3.297,40;3.126,46;402,02K;4,80%
26.03.2022;3.146,01;3.103,43;3.150,09;3.085,80;244,28K;1,37%
25.03.2022;3.103,51;3.110,80;3.192,73;3.081,71;583,25K;-0,18%
24.03.2022;3.109,25;3.036,18;3.126,37;3.005,99;699,58K;2,41%
23.03.2022;3.036,12;2.969,64;3.042,28;2.925,78;536,63K;2,24%
22.03.2022;2.969,64;2.891,41;3.048,32;2.887,69;716,47K;2,70%
21.03.2022;2.891,63;2.861,66;2.960,42;2.830,38;546,61K;1,05%
20.03.2022;2.861,69;2.950,03;2.962,19;2.819,27;436,11K;-2,99%
19.03.2022;2.949,92;2.939,76;2.984,00;2.895,30;392,64K;0,35%
18.03.2022;2.939,76;2.812,29;2.983,11;2.768,65;1,59B;4,53%
17.03.2022;2.812,29;2.773,80;2.832,61;2.747,06;1,06B;1,38%
16.03.2022;2.773,94;2.617,43;2.787,12;2.603,80;1,79B;5,98%
15.03.2022;2.617,43;2.589,54;2.667,61;2.510,75;1,19B;1,09%
14.03.2022;2.589,30;2.516,75;2.608,68;2.500,12;991,82M;2,88%
13.03.2022;2.516,75;2.569,80;2.600,65;2.494,59;811,55M;-2,06%
12.03.2022;2.569,80;2.556,96;2.612,33;2.555,85;567,25M;0,50%
11.03.2022;2.556,96;2.606,50;2.670,05;2.525,20;1,28B;-1,90%
10.03.2022;2.606,50;2.726,94;2.731,37;2.559,90;1,46B;-4,42%
09.03.2022;2.726,94;2.577,21;2.772,09;2.569,13;1,52B;5,81%
08.03.2022;2.577,21;2.492,53;2.623,99;2.483,29;1,44B;3,40%
07.03.2022;2.492,53;2.549,40;2.645,41;2.447,74;1,58B;-2,23%
06.03.2022;2.549,40;2.665,42;2.673,19;2.542,19;881,09M;-4,35%
05.03.2022;2.665,42;2.622,15;2.684,50;2.592,07;709,87M;1,65%
04.03.2022;2.622,15;2.834,78;2.835,94;2.575,63;1,50B;-7,50%
03.03.2022;2.834,91;2.947,03;2.967,90;2.789,87;521,36K;-3,81%
02.03.2022;2.947,14;2.975,80;3.041,84;2.914,70;740,37K;-0,96%
01.03.2022;2.975,81;2.922,44;3.036,59;2.858,54;828,62K;1,82%
28.02.2022;2.922,50;2.616,34;2.949,44;2.574,12;899,19K;11,70%
27.02.2022;2.616,34;2.779,55;2.834,61;2.562,94;804,74K;-5,78%
26.02.2022;2.776,96;2.767,58;2.856,01;2.734,56;520,44K;0,34%
25.02.2022;2.767,53;2.596,52;2.830,31;2.573,39;828,87K;6,59%
24.02.2022;2.596,52;2.578,54;2.732,02;2.303,07;1,85M;0,71%
23.02.2022;2.578,15;2.637,38;2.749,80;2.578,15;636,50K;-2,20%
22.02.2022;2.636,13;2.569,19;2.663,01;2.501,40;841,13K;2,58%
21.02.2022;2.569,87;2.619,32;2.755,58;2.560,24;996,71K;-1,89%
20.02.2022;2.619,32;2.763,97;2.764,46;2.577,52;508,49K;-5,23%
19.02.2022;2.763,81;2.779,44;2.829,20;2.699,70;377,08K;-0,57%
18.02.2022;2.779,56;2.893,78;2.943,14;2.754,15;623,19K;-3,96%
17.02.2022;2.894,03;3.122,33;3.159,83;2.855,66;661,98K;-7,21%
16.02.2022;3.118,90;3.182,32;3.184,88;3.045,92;416,70K;-1,99%
15.02.2022;3.182,27;2.929,29;3.193,18;2.912,61;540,04K;8,64%
14.02.2022;2.929,31;2.871,06;2.963,70;2.834,13;477,24K;2,06%
13.02.2022;2.870,25;2.917,16;2.952,94;2.838,29;303,12K;-1,61%
12.02.2022;2.917,10;2.927,64;2.984,72;2.858,85;433,29K;-0,36%
11.02.2022;2.927,63;3.071,80;3.136,33;2.880,60;607,93K;-4,69%
10.02.2022;3.071,83;3.243,73;3.277,36;3.058,59;742,54K;-5,30%
09.02.2022;3.243,62;3.115,91;3.266,41;3.055,95;477,82K;4,10%
08.02.2022;3.115,88;3.139,65;3.228,86;3.029,70;664,45K;-0,77%
07.02.2022;3.140,18;3.056,29;3.185,77;2.995,59;568,42K;2,75%
06.02.2022;3.056,20;3.013,75;3.073,23;2.957,16;316,58K;1,41%
05.02.2022;3.013,81;2.994,74;3.058,88;2.963,11;473,62K;0,63%
04.02.2022;2.994,99;2.692,80;2.994,99;2.671,72;908,75K;11,22%
03.02.2022;2.692,80;2.680,66;2.723,97;2.579,80;549,27K;0,44%
02.02.2022;2.681,00;2.787,16;2.809,57;2.618,07;602,40K;-3,81%
01.02.2022;2.787,16;2.686,82;2.808,60;2.676,32;521,74K;3,73%
31.01.2022;2.686,82;2.602,71;2.704,64;2.478,85;601,73K;3,23%
30.01.2022;2.602,77;2.600,12;2.636,04;2.543,99;381,84K;0,11%
29.01.2022;2.600,02;2.545,95;2.632,51;2.520,14;484,18K;2,12%
28.01.2022;2.545,95;2.424,66;2.556,34;2.362,53;634,50K;5,00%
27.01.2022;2.424,66;2.462,25;2.515,19;2.317,30;774,54K;-1,49%
26.01.2022;2.461,41;2.458,07;2.719,32;2.405,66;1,05M;0,14%
25.01.2022;2.458,07;2.441,01;2.504,32;2.352,36;656,03K;0,70%
24.01.2022;2.441,01;2.540,81;2.540,81;2.161,55;1,56M;-3,93%
23.01.2022;2.540,81;2.412,52;2.547,19;2.373,85;766,83K;5,32%
22.01.2022;2.412,52;2.570,67;2.621,21;2.311,80;1,48M;-6,17%
21.01.2022;2.571,29;3.000,21;3.032,69;2.471,80;1,42M;-14,43%
20.01.2022;3.004,72;3.084,48;3.270,71;2.989,19;481,08K;-2,56%
19.01.2022;3.083,65;3.160,15;3.173,63;3.049,30;459,81K;-2,42%
18.01.2022;3.160,15;3.209,43;3.242,47;3.084,48;399,19K;-1,53%
17.01.2022;3.209,35;3.346,63;3.356,45;3.142,40;375,28K;-4,10%
16.01.2022;3.346,59;3.326,50;3.388,22;3.276,44;295,68K;0,57%
15.01.2022;3.327,74;3.307,84;3.369,95;3.265,41;292,10K;0,60%
14.01.2022;3.307,90;3.241,95;3.341,24;3.195,65;415,18K;2,16%
